locationLat,locationLon,roadSize,bedrooms,bathrooms,landArea,price,builtOn
27.7780872,85.36232349672666,13,7,5,2943.35,115000000,2013
27.6561677,85.3060365,16,6,6,1369,37500000,2003
27.666822,85.344299,14,4,4,1369,24000000,2020
27.7682737,85.3733743,14,6,3,3764.75,80000000,2019
27.7126782,85.3287033,16,5,5,5818.25,135000000,2003
27.7437703,85.3343252,20,6,4,2053.5,33000000,1995
27.7535604,85.3402018,14,6,4,1369,33000000,1997
27.707529,85.282715,16,4,4,1437.45,24000000,2019
27.7017723,85.2879742,13,7,4,1779.7,46000000,2017
27.7307726,85.384938,12,6,5,752.95,17000000,2013
27.6347661,85.3023087,20,4,5,1369,32500000,2003
27.7339796,85.3116017,14,4,5,1403.225,22500000,2018
27.7682737,85.3733743,18,4,4,2053.5,45000000,2019
27.6561677,85.3060365,18,4,4,1369,28500000,2001
27.6561677,85.3060365,20,4,4,1095.2,25000000,2003
27.704617550000002,85.32718424741655,13,6,3,1437.45,27200000.000000004,2019
27.7279694,85.3457219,12,5,3,2053.5,40000000,2003
27.7250256,85.34074,12,7,4,1882.375,62500000,1995
27.7234503,85.2945917,12,7,4,1095.2,26000000,2015
27.69106075,85.30020492190519,18,5,4,752.95,22500000,2013
27.6930852,85.219198,13,4,4,1437.45,16000000,2013
27.666822,85.344299,13,3,3,752.95,17000000,2003
27.775184,85.3612405,13,5,5,1779.7,40000000,2013
27.6651141,85.32934288691034,15,5,3,1369,19500000,2020
27.775184,85.3612405,20,5,4,1369,37000000,2018
27.6930852,85.219198,13,4,4,1026.75,15000000,2008
27.7437703,85.3343252,12,5,4,1369,28500000,2011
27.666822,85.344299,13,4,4,1095.2,19000000,2019
27.7437703,85.3343252,13,3,3,1711.25,32000000,2019
27.68969005,85.3283405,14,5,5,2464.2000000000003,42000000,2019
27.7682737,85.3733743,18,5,6,2053.5,47500000,2017
27.7748587,85.3611288,14,5,5,1403.225,32500000,2019
27.6887901,85.3667416,20,4,3,1129.425,33000000,2019
27.7233471,85.3331617,13,4,4,1711.25,55000000,2020
27.68969005,85.3283405,18,7,3,1711.25,37500000,2013
27.6561677,85.3060365,20,4,4,1369,38000000,2018
27.6769722,85.4803234,10,2,1,1026.75,75,2005
27.6561677,85.3060365,20,4,5,1095.2,24500000,2008
27.775184,85.3612405,13,5,4,1369,27000000,2011
27.6704793,85.4403432,13,3,2,2464.2000000000003,35000000,2019
27.666822,85.344299,14,4,4,1026.75,18500000,2013
27.6587407,85.3003249,20,4,5,1095.2,26500000,2006
27.666822,85.344299,13,7,4,1026.75,16000000,2013
27.7686237,85.3305739,13,4,4,1026.75,23000000,2020
27.6620555,85.3133202,12,4,3,1026.75,26500000,2003
27.6411376,85.3184812,20,4,4,1369,27500000,2020
27.666822,85.344299,13,4,3,1026.75,19000000,2008
27.726129450000002,85.35778057853653,30,10,4,1026.75,39000000,2011
27.7017723,85.2879742,13,4,4,1437.45,25500000,2019
27.7234503,85.2945917,12,5,4,1095.2,28000000,2019
27.6930852,85.219198,5,7,4,1026.75,10500000,2019
27.6930852,85.219198,13,3,3,1026.75,11500000,2019
27.7483836,85.3184514,10,4,4,752.95,18500000,2019
27.6932983,85.2816525,12,5,3,2738,42500000,2018
27.7017723,85.2879742,14,6,4,1369,30000000,2005
27.7208558,85.2521799,20,4,2,1369,15500000,2008
27.7208558,85.2521799,20,4,2,1711.25,17500000,2011
27.7177649,85.30057633973956,20,7,7,1437.45,41000000,2008
27.6499414,85.3325441,13,6,4,1369,21500000,2020
27.6499414,85.3325441,13,5,4,1369,21000000,2020
27.6561677,85.3060365,15,4,5,1711.25,35000000,2011
27.6550757,85.3153542,10,2,1,1437.45,25000000,2016
27.7780872,85.36232349672666,13,6,6,1745.475,41500000,2019
27.7361203,85.3473916,16,4,4,4449.25,70000000,2013
27.7748587,85.3611288,14,6,4,2053.5,36000000,2019
27.7686237,85.3305739,14,4,5,1711.25,34500000,2008
27.6651141,85.32934288691034,13,5,4,1437.45,30000000,2020
27.7437703,85.3343252,12,7,5,3798.975,50000000,2017
27.75,85.333333,20,4,4,2395.75,38000000,2018
27.7686237,85.3305739,13,5,5,1026.75,31000000,2013
27.7682737,85.3733743,18,4,4,4107,67500000,2013
27.6932983,85.2816525,10,5,4,1403.225,29000000,2018
27.75294405,85.32531031465638,12,5,5,1471.675,28000000,2017
27.7780872,85.36232349672666,12,4,4,3080.25,55000000,2019
27.7686237,85.3305739,12,6,4,1745.475,32500000,2017
27.7197605,85.2869099,13,7,5,2395.75,39500000,2018
27.775184,85.3612405,14,5,5,1369,35000000,2019
27.7275896,85.338357,20,5,3,1779.7,47500000,2013
27.7352708,85.3058928,13,4,4,1026.75,26000000,2005
27.692021349999997,85.30054695162818,13,2,1,1026.75,98,2008
27.7535604,85.3402018,13,3,2,1369,22500000,2011
27.6587407,85.3003249,20,4,5,1369,28000000,2019
27.666822,85.344299,14,4,4,1026.75,18500000,2020
27.6347661,85.3023087,16,5,4,2053.5,35000000,2018
27.707529,85.282715,13,4,4,1403.225,25000000,2005
27.7342051,85.3573186,13,6,4,2395.75,36000000,2011
27.7339796,85.3116017,10,4,3,855.625,12500000,2020
27.5920585,85.3273921,26,3,4,1369,25000000,2008
27.69278815,85.3712972816073,13,6,4,1060.9750000000001,23000000,2018
27.69021995,85.25546344526533,13,5,3,1060.9750000000001,18000000,2018
27.6932983,85.2816525,12,7,4,1369,21800000,2007
27.6561677,85.3060365,13,6,4,1369,25000000,2008
27.766667,85.35,16,5,3,1369,21500000,2019
27.7647619,85.32968744356441,10,5,2,1026.75,18000000,1999
27.6746019,85.3281632,13,7,4,1026.75,24000000,2009
27.7197605,85.2869099,16,5,2,1095.2,24000000,2003
27.6279927,85.3323532,20,3,3,752.95,14500000,2009
27.7686237,85.3305739,14,5,5,1779.7,31500000,2014
27.7292515,85.3247457,20,4,5,1779.7,54000000,2020
27.7299717,85.2640212544878,12,4,5,1711.25,29000000,2016
27.7780872,85.36232349672666,20,4,5,2395.75,57500000,2018
27.7780872,85.36232349672666,12,6,4,1711.25,44500000,2019
27.7458288,85.342576,20,6,4,2738,45000000,2019
27.7850619,85.3009324,10,3,2,1369,15500000,1999
27.751429299999998,85.28572478016306,26,4,4,1369,18500000,2008
27.6930852,85.219198,13,5,5,1369,30000000,2009
27.6503928,85.3207649,20,5,3,1437.45,25000000,2020
27.6930852,85.219198,16,4,2,1369,19000000,2012
27.71336,85.3450409,30,6,6,1471.675,49000000,2018
27.7350285,85.3145453,20,5,4,1437.45,35000000,2005
27.666822,85.344299,13,6,5,1745.475,32500000,2020
27.708217949999998,85.33138309245912,15,4,4,2053.5,35000000,2016
27.7682737,85.3733743,12,4,4,4107,67500000,2008
27.6990751,85.2814445,13,4,4,1369,24500000,2009
27.6990751,85.2814445,13,5,4,1129.425,22000000,2003
27.6829626,85.3310192,15,6,5,1369,55500000,2009
27.6728976,85.3135363,16,4,4,2395.75,90000000,2008
27.7686237,85.3305739,20,4,4,1437.45,50000000,2014
27.7458288,85.342576,18,6,4,1095.2,38000000,2018
43.2573529,-79.8675813,16,5,5,1026.75,24500000,2009
27.63274015,85.31841439898326,18,6,4,1437.45,50000000,2012
27.6632,85.36113,13,5,4,1026.75,16000000,2018
27.6930852,85.219198,16,4,4,1711.25,32500000,2005
27.6930852,85.219198,16,6,4,1369,16000000,2013
27.6930852,85.219198,13,5,2,1060.9750000000001,16000000,2013
27.7769706,85.3390309,13,7,3,1129.425,29500000,2009
27.6932983,85.2816525,14,5,3,1369,22000000,2019
27.7017723,85.2879742,15,5,3,1129.425,31000000,2019
27.6434777,85.3714959,13,4,3,1711.25,18500000,2019
27.6992858,85.2733179,22,6,3,1403.225,22500000,2019
27.715312,85.3521565,10,4,4,2121.9500000000003,35000000,2019
27.7342051,85.3573186,13,6,5,1369,29000000,2020
27.6903065,85.2969613,12,5,4,1369,19000000,2020
27.6561677,85.3060365,20,3,4,1403.225,22000000,2018
27.6561677,85.3060365,12,5,5,1026.75,21000000,2009
27.707529,85.282715,15,4,3,1437.45,34500000,2019
27.7548169,85.3021069,8,2,1,1026.75,12000000,2017
27.7339796,85.3116017,8,2,1,1026.75,12000000,2003
27.6499414,85.3325441,16,5,3,1711.25,21000000,2017
27.7422381,85.3326175,12,6,4,1026.75,26000000,2006
27.68969005,85.3283405,10,5,3,752.95,10500000,2008
27.666822,85.344299,12,4,4,1026.75,18500000,2003
27.666822,85.344299,13,6,4,1026.75,16500000,2008
27.666822,85.344299,15,5,5,1095.2,25000000,2016
27.666822,85.344299,13,4,4,1095.2,22000000,2014
27.666822,85.344299,13,5,4,1060.9750000000001,21500000,2018
27.666822,85.344299,13,4,4,1437.45,24500000,2003
27.6990751,85.2814445,12,5,5,1095.2,20700000,2003
27.6990751,85.2814445,14,4,4,1095.2,22000000,2019
27.7548169,85.3021069,13,4,4,752.95,2.68,2003
27.6930852,85.219198,13,3,1,1060.9750000000001,11500000,2019
27.666822,85.344299,13,4,3,1060.9750000000001,21500000,2019
27.666822,85.344299,13,5,5,1026.75,17500000,2019
27.666822,85.344299,12,5,3,1026.75,18500000,2003
27.666822,85.344299,13,5,4,1060.9750000000001,19800000,2017
27.7437703,85.3343252,13,5,2,1711.25,32500000,2013
27.68990755,85.33565914433615,13,4,4,1369,42500000,2019
27.6852122,85.34864654895267,10,5,3,3422.5,50000000,2019
27.6932164,85.3673732,13,2,1,1026.75,12000000,2018
27.6932983,85.2816525,13,4,4,1437.45,28000000,2010
27.76704,85.300621,11,5,3,1711.25,24000000,2016
27.7803246,85.3676932,18,6,4,2053.5,42500000,2014
27.6827122,85.2265812,13,4,4,1711.25,33000000,2018
27.666822,85.344299,13,5,4,1060.9750000000001,20700000,2011
27.666822,85.344299,13,4,2,1026.75,18200000,2013
27.6990751,85.2814445,13,6,3,1369,22400000.000000004,2019
27.6990751,85.2814445,12,6,3,1369,24500000,2019
27.7686237,85.3305739,12,7,3,1711.25,32500000,2019
27.7780872,85.36232349672666,10,4,3,1026.75,29900000.000000004,2019
27.704617550000002,85.32718424741655,10,5,3,855.625,26500000,2011
27.6930852,85.219198,13,4,2,752.95,11500000,2017
27.692021349999997,85.30054695162818,10,2,1,752.95,11000000,2019
27.692021349999997,85.30054695162818,15,2,1,1095.2,11500000,2013
27.6930852,85.219198,15,4,3,1095.2,12000000,2019
27.665277,85.4025999,15,4,4,752.95,14000000,2017
27.665277,85.4025999,13,5,5,1711.25,13500000,2018
27.6610859,85.3697455,20,6,4,1129.425,25000000,2019
27.6536719,85.3285101,13,3,3,1437.45,21000000,2013
27.692021349999997,85.30054695162818,13,5,4,1026.75,11500000,2013
27.7204621,85.2959601222044,12,6,6,1437.45,30000000,2014
27.6986035,85.2992018,15,6,6,1026.75,50000000,2020
27.6986035,85.2992018,20,4,4,1026.75,22500000,2022
27.7299717,85.2640212544878,12,6,5,1711.25,29000000,2022
27.6990751,85.2814445,15,7,4,1095.2,28500000,2022
27.7039253,85.3328212,18,8,5,1095.2,46500000,2022
27.75294405,85.32531031465638,12,5,3,1095.2,24500000,2021
27.7422381,85.3326175,10,7,4,1060.9750000000001,28500000,2022
27.7354147,85.3221364,10,6,4,1026.75,25000000,2022
27.7432876,85.3554198,13,8,4,1129.425,17000000,2016
27.666822,85.344299,13,4,3,1026.75,19000000,2021
27.70296995,85.25990193360983,13,5,4,1026.75,19000000,2021
27.7039253,85.3328212,13,8,6,4791.5,100000000,1990
27.7017723,85.2879742,13,6,6,1095.2,22500000,2022
27.7073691,85.3224193,15,4,4,1711.25,50000000,2022
27.6930852,85.219198,13,6,5,1026.75,12800000,2022
27.692021349999997,85.30054695162818,13,2,1,1369,12000000,2017
27.6930852,85.219198,13,3,1,1095.2,9800000,2017
27.6930852,85.219198,13,4,3,1026.75,17000000,2017
27.7270105,85.3045555,15,10,6,6160.5,260000000,2013
27.6285987,85.303669,12,7,5,1095.2,25000000,2017
27.69278815,85.3712972816073,14,6,8,2395.75,62500000,2018
27.6561677,85.3060365,16,4,4,1369,38000000,2013
27.6561677,85.3060365,12,4,4,1437.45,25500000,2013
27.7126782,85.3287033,15,5,6,1369,38000000,2003
27.6837719,85.309353,14,4,4,5476,97500000,2019
27.775184,85.3612405,12,5,5,1779.7,43000000,2013
27.7354147,85.3221364,12,6,6,1369,30000000,2013
27.6561677,85.3060365,20,3,4,1095.2,27500000,2018
27.7780872,85.36232349672666,20,4,5,1779.7,30000000,2012
27.7780872,85.36232349672666,14,4,6,1882.375,32000000,2013
27.7535604,85.3402018,14,6,3,1711.25,41000000,2019
27.7233471,85.3331617,16,4,4,3422.5,130000000,2019
27.7780872,85.36232349672666,18,5,5,1437.45,31000000,2011
27.7437703,85.3343252,20,11,5,1437.45,25000000,2013
27.7233471,85.3331617,26,9,7,1779.7,70000000,2009
27.775184,85.3612405,26,3,4,1026.75,22000000,2013
27.7480708,85.3567416,10,6,4,1026.75,19000000,2013
27.762435500000002,85.36598383289746,13,2,1,1197.875,13000000,2019
27.7342051,85.3573186,13,5,4,1471.675,20000000,2001
27.7350285,85.3145453,12,5,4,1026.75,18500000,2022
27.7342051,85.3573186,6,4,2,1026.75,12500000,2018
27.7480708,85.3567416,13,4,2,1369,18000000,2022
27.7275896,85.338357,13,5,3,2156.1749999999997,46000000,2021
27.7279694,85.3457219,12,4,3,2053.5,45000000,2020
27.7437703,85.3343252,12,4,4,1711.25,33000000,2021
27.6561677,85.3060365,24,4,4,1095.2,28000000,2015
27.7480708,85.3567416,12,5,5,1711.25,32000000,2020
27.7480708,85.3567416,10,6,4,752.95,19000000,2022
27.7103336,85.2933481,15,5,3,1060.9750000000001,24500000,2022
27.7803246,85.3676932,12,5,4,2840.675,38000000,2022
27.7342051,85.3573186,15,5,4,1026.75,27500000,2015
27.7437703,85.3343252,13,4,4,2053.5,47500000,2002
27.7437703,85.3343252,13,5,3,1403.225,28000000,2021
27.735438549999998,85.32908246125783,20,4,5,1369,49000000,2021
27.781945,85.3249563,12,5,4,1369,13500000,2021
27.7437703,85.3343252,15,5,6,1026.75,32000000,2022
27.775184,85.3612405,10,5,3,1369,34000000,2022
27.7233471,85.3331617,12,6,6,752.95,22500000,2016
27.75294405,85.32531031465638,10,6,5,1403.225,32799999.999999996,2021
27.762435500000002,85.36598383289746,0,6,4,1095.2,23000000,2022
27.7437703,85.3343252,13,5,3,2395.75,40000000,2017
27.707529,85.282715,24,7,5,1711.25,55000000,2015
27.781945,85.3249563,13,5,5,1369,21500000,2014
27.7535604,85.3402018,12,5,6,1403.225,34500000,2019
27.7780872,85.36232349672666,15,4,4,1779.7,32500000,2015
27.775184,85.3612405,13,6,6,1369,34500000,2019
27.6829626,85.3310192,12,6,6,1711.25,32500000,2013
27.7342051,85.3573186,16,4,3,NaN,36000000,2014
27.781945,85.3249563,12,4,3,1197.875,24500000,2019
27.7780872,85.36232349672666,13,5,6,5886.7,67500000,2015
27.7437703,85.3343252,12,5,5,1026.75,21500000,2018
27.6503928,85.3207649,14,6,5,4449.25,55000000,2022
27.6930852,85.219198,13,6,4,958.3,18000000,2019
27.6930852,85.219198,10,5,3,752.95,11500000,2015
27.6932983,85.2816525,13,4,3,787.175,13000000,2019
27.6930852,85.219198,10,5,5,1711.25,21000000,2013
27.6930852,85.219198,11,4,3,787.175,13500000,2019
27.6930852,85.219198,11,5,4,2121.9500000000003,17500000,2018
27.6930852,85.219198,13,4,4,1026.75,12000000,2016
27.6930852,85.219198,13,4,4,1095.2,14000000,2016
27.7458288,85.342576,10,6,6,2053.5,36000000,2013
27.7275896,85.338357,20,4,2,2738,40000000,2018
27.72047645,85.36504853184782,13,7,3,2395.75,80000000,2018
27.707529,85.282715,20,5,4,1540.125,26500000,2019
27.7458288,85.342576,10,5,5,2053.5,37000000,2019
27.7535604,85.3402018,16,5,3,1882.375,43000000,2013
27.7437703,85.3343252,26,3,4,1026.75,22000000,2019
27.7208558,85.2521799,15,4,4,1471.675,23000000,2016
27.7194096,85.315162,15,5,3,2121.9500000000003,55000000,2018
27.7126782,85.3287033,15,6,6,2772.225,76000000,2009
27.7126782,85.3287033,15,6,5,1369,38000000,2019
27.6990751,85.2814445,13,4,4,2053.5,32000000,2019
27.7437703,85.3343252,12,6,4,1026.75,32000000,2019
27.6837719,85.309353,12,6,6,1745.475,58000000,2017
27.7780872,85.36232349672666,12,6,3,1060.9750000000001,23500000,2013
27.7039253,85.3328212,20,8,7,1197.875,46500000,2013
27.7354147,85.3221364,13,6,4,1369,32000000,2000
27.775184,85.3612405,15,6,5,1369,32500000,2000
27.7780872,85.36232349672666,12,7,7,1197.875,48000000,2022
27.7354147,85.3221364,20,6,9,1197.875,25000000,2022
27.7279694,85.3457219,12,5,4,1369,42500000,2017
27.7780872,85.36232349672666,12,4,4,4107,67500000,2017
27.7686237,85.3305739,10,4,6,1369,54000000,2017
27.7780872,85.36232349672666,12,5,7,2053.5,95000000,2018
27.7354147,85.3221364,15,6,5,1369,32000000,2021
27.6890227,85.3204209,18,4,4,3422.5,69000000,2017
27.6561677,85.3060365,16,2,1,1437.45,28000000,2020
27.6503928,85.3207649,16,4,3,1129.425,23000000,2021
27.6564581,85.3251667,20,6,4,3080.25,45000000,2014
27.6837719,85.309353,10,6,6,5476,120000000,2020
27.6837719,85.309353,15,6,4,2395.75,75000000,2022
27.6499414,85.3325441,18,4,4,1437.45,100000000,2022
27.6728976,85.3135363,12,5,5,1369,36000000,2022
27.6499414,85.3325441,12,4,4,1026.75,30000000,2022
27.7354147,85.3221364,20,1,1,2738,120000000,2019
27.72047645,85.36504853184782,20,1,1,2395.75,60000000,2015
27.7780872,85.36232349672666,16,1,1,2053.5,45000000,2018
27.707529,85.282715,24,1,1,2738,55000000,2020
27.7126782,85.3287033,16,1,1,5133.75,90000000,2022
27.7437703,85.3343252,10,6,1,1540.125,32000000,2022
27.7126782,85.3287033,12,1,1,4107,95000000,2022
27.7535604,85.3402018,12,5,2,1403.225,34000000,2022
27.7126782,85.3287033,15,6,5,1369,38000000,2015
27.7780872,85.36232349672666,12,7,3,1882.375,45000000,2019
27.7350285,85.3145453,15,6,1,4449.25,80000000,2019
27.7279694,85.3457219,20,5,7,4791.5,105000000,2015
27.7535604,85.3402018,15,1,7,1369,32000000,2019
27.7780872,85.36232349672666,16,5,4,3080.25,105000000,2019
27.7780872,85.36232349672666,13,4,4,1711.25,55000000,2018
27.7780872,85.36232349672666,12,7,4,2669.5499999999997,70000000,2014
27.7780872,85.36232349672666,15,10,8,2395.75,57000000,2016
27.6879352,85.3156517,12,4,4,5476,52000000,2016
27.6587407,85.3003249,30,5,5,1403.225,25000000,2014
27.6879352,85.3156517,15,5,3,1369,25000000,2010
27.6499414,85.3325441,20,6,3,1026.75,35000000,2017
27.6561677,85.3060365,10,4,3,1471.675,25000000,2018
27.6561677,85.3060365,10,6,1,1197.875,24500000,2016
27.6717242,85.3166244,16,5,5,2738,2.5,2018
27.6503928,85.3207649,13,4,4,1060.9750000000001,21500000,2017
27.7188423,85.3095996,10,4,5,1711.25,37000000,2018
27.6561677,85.3060365,13,4,4,2224.625,37500000,2019
27.6561677,85.3060365,13,3,4,1369,27500000,2019
27.6499414,85.3325441,22,5,5,1026.75,28000000,1999
27.6620555,85.3133202,20,4,4,3080.25,110000000,2018
27.6932983,85.2816525,10,4,3,1437.45,18000000,2013
27.7422381,85.3326175,10,6,1,1369,37000000,2019
27.666822,85.344299,12,6,4,1129.425,21500000,2010
27.7780872,85.36232349672666,20,5,5,2053.5,77000000,2016
27.7352622,85.3182163,13,4,3,1711.25,35000000,2014
27.6620555,85.3133202,15,4,4,1779.7,42500000,2019
27.707529,85.282715,10,5,3,1369,22000000,2019
27.69021995,85.25546344526533,13,4,3,1369,22500000,2019
27.7347919,85.3448839,12,6,3,1266.325,25000000,2019
27.64933,85.3035881,13,4,2,1608.575,35000000,2008
27.6561677,85.3060365,18,11,9,4107,160000000,2017
27.707529,85.282715,10,6,3,1266.325,30000000,2019
27.7208558,85.2521799,16,6,3,1095.2,26000000,2013
27.707529,85.282715,13,6,3,855.625,22000000,2017
27.707529,85.282715,10,4,3,855.625,20000000,2018
27.707529,85.282715,14,4,3,1300.55,35000000,2013
27.6930852,85.219198,13,8,3,1026.75,22000000,2013
27.6930852,85.219198,12,4,3,1026.75,16500000,2020
27.6930852,85.219198,13,8,3,1540.125,18500000,2022
27.6930852,85.219198,13,3,1,1060.9750000000001,11500000,2022
27.6930852,85.219198,13,7,4,1197.875,17000000,2022
27.7234503,85.2945917,13,5,3,1026.75,33000000,2022
27.707529,85.282715,14,5,3,1060.9750000000001,23500000,2022
27.7017723,85.2879742,13,6,4,1095.2,45000000,2021
27.666822,85.344299,13,5,3,1197.875,31500000,2021
27.707529,85.282715,16,4,4,1026.75,30000000,2021
27.7483836,85.3184514,12,6,3,2053.5,60000000,2016
27.712486,85.2875176,13,5,6,1813.925,61500000,2022
27.7108961,85.2959955,13,5,6,1813.925,50000000,2022
27.707529,85.282715,16,5,6,1813.925,38500000,2016
27.7279694,85.3457219,8,3,2,1112.3,31000000,2021
27.7017723,85.2879742,13,6,4,1369,28500000,2022
27.7204621,85.2959601222044,20,7,5,1060.9750000000001,35500000,2021
27.707529,85.282715,18,7,5,2053.5,55000000,2022
27.707529,85.282715,13,6,7,2395.75,42500000,2021
27.7161935,85.2838241,20,4,4,2053.5,27000000,1993
27.707529,85.282715,10,3,3,752.95,22500000,2022
27.7208558,85.2521799,12,6,4,1369,28500000,2022
27.6986035,85.2992018,13,4,4,1813.925,38000000,2022
27.7208558,85.2521799,16,9,6,2464.2000000000003,42000000,2017
27.7350285,85.3145453,12,6,3,752.95,24500000,2017
27.6458964,85.338439,13,5,4,2053.5,68000000,2017
27.7458288,85.342576,13,7,5,1369,45000000,2017
27.7780872,85.36232349672666,16,11,7,5476,80000000,2019
27.795043200000002,85.37728826526322,12,7,4,1060.9750000000001,29900000,2003
27.795043200000002,85.37728826526322,13,8,4,1369,37500000,2005
27.795043200000002,85.37728826526322,14,5,3,1026.75,325000000,2010
27.7108961,85.2959955,20,4,3,1095.2,28500000,2010
27.795043200000002,85.37728826526322,14,6,7,3490.95,60000000,2019
27.707529,85.282715,13,8,5,2738,42000000,2022
27.795043200000002,85.37728826526322,13,6,3,1026.75,31500000,2022
27.6905461,85.3251254,13,5,3,1026.75,26500000,2016
27.6832391,85.2485778,12,6,5,1026.75,22500000,2017
27.7204621,85.2959601222044,20,8,3,855.625,29500000,2022
27.7103336,85.2933481,16,4,5,1369,33500000,2016
27.795043200000002,85.37728826526322,13,4,1,1369,30000000,2016
27.707529,85.282715,10,9,4,2293.0750000000003,38500000,2005
27.666822,85.344299,13,5,3,1026.75,27500000,2005
27.666822,85.344299,13,6,5,1026.75,27500000,2008
27.666822,85.344299,13,7,7,1711.25,34500000,2011
27.7204621,85.2959601222044,20,5,3,855.625,27000000,2019
27.71819,85.3096666,7,12,4,787.175,25000000,2007
27.666822,85.344299,13,6,5,1197.875,27500000,2022
27.6538132,85.3044253,13,7,7,1711.25,38000000,2022
27.707529,85.282715,13,8,5,1540.125,39000000,2008
27.7215082,85.3207646,22,8,2,1197.875,15500000,2008
27.68990755,85.33565914433615,8,3,1,1813.925,33000000,2008
27.7780872,85.36232349672666,13,3,2,752.95,14500000,2015
27.7498625,85.3380581,14,2,2,4791.5,127500000,2022
27.6499414,85.3325441,13,5,3,1026.75,21500000,2022
27.707529,85.282715,14,4,4,1197.875,28500000,2022
27.7017723,85.2879742,14,4,4,1369,41000000,2022
27.7108961,85.2959955,12,12,5,1711.25,47000000,2017
27.795043200000002,85.37728826526322,13,4,3,924.075,25500000,2021
27.795043200000002,85.37728826526322,13,6,4,1026.75,32000000,2022
27.6928184,85.2247831,13,6,3,1369,26500000,2022
27.6928184,85.2247831,13,6,3,1711.25,23500000,2021
27.7204621,85.2959601222044,16,7,3,787.175,26500000,2011
27.6499414,85.3325441,13,5,3,1882.375,34000000,2018
27.674449,85.3651364,10,5,4,1369,32000000,2018
27.6990751,85.2814445,13,5,4,1369,39500000,2022
27.707529,85.282715,13,6,3,1266.325,28500000,2022
27.707529,85.282715,13,6,3,1026.75,26000000,2022
27.7209172,85.2892154,14,5,2,787.175,30000000,2022
27.6820369,85.2474196,10,5,4,1026.75,19500000,2022
27.6820369,85.2474196,10,5,3,787.175,18500000,2017
27.6561677,85.3060365,13,5,5,1060.9750000000001,29000000,2022
27.7375111,85.3857936,12,11,5,1540.125,35000000,2021
27.6499414,85.3325441,13,4,3,787.175,21500000,2021
27.6128762,85.3650176,13,6,4,1095.2,29000000,2012
27.750408049999997,85.25773076022733,20,4,3,1095.2,32000000,2022
27.707529,85.282715,13,5,3,1095.2,28500000,2021
27.707529,85.282715,16,5,4,3080.25,55000000,2006
27.7017723,85.2879742,20,4,4,1437.45,40000000,2008
27.69106075,85.30020492190519,22,7,5,2395.75,75000000,1998
27.6566682,85.1776124,13,6,5,1745.475,27000000,2021
27.6561677,85.3060365,10,6,4,2738,60000000,2004
27.6561677,85.3060365,14,4,5,1129.425,37500000,2022
27.666822,85.344299,13,5,3,1060.9750000000001,28500000,2022
27.707529,85.282715,16,5,5,2738,60000000,2020
27.795043200000002,85.37728826526322,13,8,4,1026.75,31000000,2022
27.7017723,85.2879742,12,5,3,1026.75,28500000,2021
27.707529,85.282715,16,6,3,1026.75,22000000,2022
27.7017723,85.2879742,13,7,4,1369,28500000,2021
27.795043200000002,85.37728826526322,16,4,2,752.95,18000000,2021
27.707529,85.282715,13,4,2,1197.875,35000000,2021
27.6640904,85.3070119,13,4,3,1779.7,39000000,2021
27.795043200000002,85.37728826526322,13,9,4,2053.5,47000000,2006
27.707529,85.282715,16,5,5,2464.2000000000003,50000000,2015
27.707529,85.282715,16,4,4,1711.25,37500000,2016
27.7208558,85.2521799,13,4,3,1129.425,24000000,2021
27.7108961,85.2959955,13,4,3,1026.75,29500000,2021
27.7780872,85.36232349672666,13,4,5,6845,125000000,2008
27.750408049999997,85.25773076022733,20,6,4,1540.12,42500000,2021
27.750408049999997,85.25773076022733,20,3,3,1471.675,42500000,2020
27.707529,85.282715,13,5,4,1197.875,29000000,2021
27.7017723,85.2879742,13,5,3,1369,28500000,2021
27.7197605,85.2869099,13,4,3,1026.75,28000000,2021
27.7208558,85.2521799,26,6,4,1369,30500000,2017
27.707529,85.282715,13,4,4,1026.75,26000000,2020
27.707529,85.282715,15,5,4,1369,26500000,2011
27.7209172,85.2892154,16,8,5,1711.25,43000000,2020
27.707529,85.282715,16,6,6,1369,30500000,2021
27.775184,85.3612405,14,7,5,2738,77500000,2021
27.707529,85.282715,13,7,3,1095.2,23500000,2017
27.7108961,85.2959955,13,7,5,1369,46500000,2021
27.6990751,85.2814445,10,7,4,1540.125,22000000,2021
27.7108961,85.2959955,13,6,4,1369,40000000,2021
27.6732416,85.3519307,16,7,5,1095.2,29000000,2017
27.795043200000002,85.37728826526322,12,4,3,1026.75,20000000,2017
27.750408049999997,85.25773076022733,18,5,5,1882.375,62000000,2018
27.7209172,85.2892154,16,7,3,1403.225,36000000,2021
27.750408049999997,85.25773076022733,13,3,3,1026.75,30000000,2021
27.750408049999997,85.25773076022733,22,5,5,1711.25,47500000,2021
27.6566682,85.1776124,13,4,4,1369,25500000,2020
27.6990751,85.2814445,14,5,2,1369,22000000,2013
27.7780872,85.36232349672666,13,5,4,1711.25,37500000,2021
27.7103336,85.2933481,12,6,4,924.075,25000000,2019
27.707529,85.282715,20,6,3,1060.9750000000001,35000000,2021
27.6503928,85.3207649,18,4,4,1266.325,28500000,2020
27.75,85.333333,16,3,3,1026.75,22500000,2020
27.75,85.333333,13,6,4,1369,27000000,2021
51.4568388,-0.1988297691326414,16,4,4,1129.425,37000000,2021
27.6536719,85.3285101,13,6,4,1369,35000000,2021
27.6536719,85.3285101,16,6,3,1197.875,25000000,2015
27.6120501,85.3393791,20,4,1,2053.5,16000000,2012
27.7017723,85.2879742,12,6,3,1026.75,35000000,2021
27.7223069,85.27486435,12,5,3,1060.9750000000001,27500000,2021
27.707529,85.282715,10,6,3,1369,33000000,2019
27.7342051,85.3573186,15,5,5,1574.35,47500000,2018
27.740989,85.3032919,13,6,5,1813.925,36500000,2018
27.70279035,85.2358779017852,13,4,3,1369,18500000,2020
27.7780872,85.36232349672666,13,5,4,2566.875,55000000,2020
27.7780872,85.36232349672666,13,4,7,5476,70000000,2019
27.707529,85.282715,12,3,3,1197.875,28000000,2020
27.707529,85.282715,16,5,3,1026.75,23000000,2020
27.6620555,85.3133202,16,4,4,1848.15,36500000,2020
27.7242566,85.3568244,16,6,4,1471.675,23000000,2020
27.707529,85.282715,16,6,3,1471.675,24000000,2017
27.7108961,85.2959955,16,5,3,1608.575,40000000,2004
27.7780872,85.36232349672666,16,5,5,7187.25,105000000,2004
27.7768839,85.3622183,16,5,4,2053.5,45000000,2018
27.7682737,85.3733743,16,5,5,3422.5,120000000,2012
27.7780872,85.36232349672666,20,5,5,2738,100000000,2017
27.7780872,85.36232349672666,16,4,4,2566.875,55000000,2020
27.7350285,85.3145453,16,14,10,4107,90000000,2020
27.7232232,85.3597229,12,11,5,3764.75,185000000,2008
27.707529,85.282715,13,6,5,1813.925,31500000,2018
27.7437703,85.3343252,13,6,3,1369,25000000,2017
27.7209172,85.2892154,13,5,4,1471.675,34000000,2018
27.704922099999997,85.29074536635255,20,5,3,1574.35,27000000,2008
27.750408049999997,85.25773076022733,20,5,3,1540.125,30000000,2020
27.6820369,85.2474196,16,5,4,1232.1000000000001,18000000,2020
27.6820369,85.2474196,12,5,4,1232.1000000000001,18000000,2020
27.6930852,85.219198,12,4,3,1026.75,16500000,2020
27.6930852,85.219198,16,2,3,1026.75,14000000,2020
27.7103336,85.2933481,13,5,3,1369,34000000,2018
27.699758,85.2941587,16,7,9,1540.125,55000000,2020
27.699758,85.2941587,16,7,8,1540.125,52500000,2020
27.6932983,85.2816525,16,4,3,1540.125,30000000,2020
27.750408049999997,85.25773076022733,16,5,4,1540.125,30000000,2020
27.7192364,85.3311727,16,3,3,1540.125,30000000,2019
27.6990751,85.2814445,16,4,2,1608.575,16000000,2015
27.7780872,85.36232349672666,16,5,4,2738,48000000,2018
